-- POPULATING THE DATABASE

INSERT INTO AIRPORT VALUES ('ADB', 'Adnan Menderes Havalimanı', 'İzmir', 'Ege');
INSERT INTO AIRPORT VALUES ('SAW', 'Sabiha Gökçen Havalimanı', 'İstanbul', 'Marmara');
INSERT INTO AIRPORT VALUES ('IST', 'İstanbul Havalimanı', 'İstanbul', 'Marmara');
INSERT INTO AIRPORT VALUES ('ESB', 'Ankara Esenboğa Havalimanı', 'Ankara', 'İç Anadolu');
INSERT INTO AIRPORT VALUES ('DLM', 'Dalaman Havalimanı', 'Muğla', 'Ege');

INSERT INTO AIRLINE_COMPANY VALUES('Pegasus');
INSERT INTO AIRLINE_COMPANY VALUES('Türk Hava Yolları');
INSERT INTO AIRLINE_COMPANY VALUES('Anadolu Jet');
INSERT INTO AIRLINE_COMPANY VALUES('Onur Air');
INSERT INTO AIRLINE_COMPANY VALUES('SunExpress');

INSERT INTO AIRPLANE_COMPANY VALUES ('Airbus');
INSERT INTO AIRPLANE_COMPANY VALUES ('Airbus Military');
INSERT INTO AIRPLANE_COMPANY VALUES ('Boeing');
INSERT INTO AIRPLANE_COMPANY VALUES ('Antonov');
INSERT INTO AIRPLANE_COMPANY VALUES ('General Dynamics');
INSERT INTO AIRPLANE_COMPANY VALUES ('Saab');
INSERT INTO AIRPLANE_COMPANY VALUES ('Tatra');
INSERT INTO AIRPLANE_COMPANY VALUES ('TUSAŞ');
INSERT INTO AIRPLANE_COMPANY VALUES ('Praga');
INSERT INTO AIRPLANE_COMPANY VALUES ('Lockheed Martin');

INSERT INTO AIRPLANE_TYPE  VALUES('B-7301', 'Boeing', 99);
INSERT INTO AIRPLANE_TYPE  VALUES('B-4801', 'Boeing', 89);
INSERT INTO AIRPLANE_TYPE  VALUES('ANT-35', 'Antonov', 99);
INSERT INTO AIRPLANE_TYPE  VALUES('DGK-0', 'TUSAŞ', 149);
INSERT INTO AIRPLANE_TYPE  VALUES('DGK-1', 'TUSAŞ', 79);
INSERT INTO AIRPLANE_TYPE  VALUES('Air-007', 'Airbus', 90);
INSERT INTO AIRPLANE_TYPE  VALUES('GD-01', 'General Dynamics', 60);
INSERT INTO AIRPLANE_TYPE  VALUES('Praga 26', 'Praga', 80);
INSERT INTO AIRPLANE_TYPE  VALUES('Praga 27', 'Praga', 70);

INSERT INTO CAN_LAND VALUES ('SAW', 'B-7301');
INSERT INTO CAN_LAND VALUES ('SAW', 'B-4801');
INSERT INTO CAN_LAND VALUES ('SAW', 'ANT-35');
INSERT INTO CAN_LAND VALUES ('SAW', 'DGK-0');
INSERT INTO CAN_LAND VALUES ('SAW', 'DGK-1');
INSERT INTO CAN_LAND VALUES ('SAW', 'Air-007');
INSERT INTO CAN_LAND VALUES ('SAW', 'GD-01');
INSERT INTO CAN_LAND VALUES ('SAW', 'Praga 26');
INSERT INTO CAN_LAND VALUES ('ESB', 'B-7301');
INSERT INTO CAN_LAND VALUES ('ESB', 'B-4801');
INSERT INTO CAN_LAND VALUES ('ESB', 'ANT-35');
INSERT INTO CAN_LAND VALUES ('ESB', 'DGK-0');
INSERT INTO CAN_LAND VALUES ('ESB', 'DGK-1');
INSERT INTO CAN_LAND VALUES ('ESB', 'Air-007');
INSERT INTO CAN_LAND VALUES ('ESB', 'GD-01');
INSERT INTO CAN_LAND VALUES ('ESB', 'Praga 26');
INSERT INTO CAN_LAND VALUES ('DLM', 'B-7301');
INSERT INTO CAN_LAND VALUES ('DLM', 'B-4801');
INSERT INTO CAN_LAND VALUES ('DLM', 'ANT-35');
INSERT INTO CAN_LAND VALUES ('DLM', 'DGK-0');
INSERT INTO CAN_LAND VALUES ('DLM', 'DGK-1');
INSERT INTO CAN_LAND VALUES ('DLM', 'Air-007');
INSERT INTO CAN_LAND VALUES ('DLM', 'GD-01');
INSERT INTO CAN_LAND VALUES ('DLM', 'Praga 26');
INSERT INTO CAN_LAND VALUES ('IST', 'B-7301');
INSERT INTO CAN_LAND VALUES ('IST', 'B-4801');
INSERT INTO CAN_LAND VALUES ('IST', 'ANT-35');
INSERT INTO CAN_LAND VALUES ('IST', 'DGK-0');
INSERT INTO CAN_LAND VALUES ('IST', 'DGK-1');
INSERT INTO CAN_LAND VALUES ('IST', 'Air-007');
INSERT INTO CAN_LAND VALUES ('IST', 'GD-01');
INSERT INTO CAN_LAND VALUES ('IST', 'Praga 26');
INSERT INTO CAN_LAND VALUES ('ADB', 'B-7301');
INSERT INTO CAN_LAND VALUES ('ADB', 'B-4801');
INSERT INTO CAN_LAND VALUES ('ADB', 'ANT-35');
INSERT INTO CAN_LAND VALUES ('ADB', 'DGK-0');
INSERT INTO CAN_LAND VALUES ('ADB', 'DGK-1');
INSERT INTO CAN_LAND VALUES ('ADB', 'Air-007');
INSERT INTO CAN_LAND VALUES ('ADB', 'GD-01');
INSERT INTO CAN_LAND VALUES ('ADB', 'Praga 26');

INSERT INTO FLIGHT VALUES ('PC-3', 'Pegasus', 'Pazartesi');
INSERT INTO FLIGHT VALUES ('TK-7', 'Türk Hava Yolları', 'Salı');
INSERT INTO FLIGHT VALUES ('AJ-0', 'Anadolu Jet', 'Çarşamba');
INSERT INTO FLIGHT VALUES ('8Q-6', 'Onur Air', 'Perşembe');
INSERT INTO FLIGHT VALUES ('XQ-5', 'SunExpress', 'Cuma');
INSERT INTO FLIGHT VALUES ('PC-7', 'Pegasus', 'Cumartesi');
INSERT INTO FLIGHT VALUES ('AJ-3', 'Anadolu Jet', 'Pazar');

INSERT INTO FARE VALUES ('PC-3', 'P-00000001', '62.25', 'Ekonomi');
INSERT INTO FARE VALUES ('PC-3', 'P-00000002', '242.25', 'Business');
INSERT INTO FARE VALUES ('TK-7', 'P-00000011', '72.50', 'Ekonomi');
INSERT INTO FARE VALUES ('TK-7', 'P-00000012', '522.50', 'Business');
INSERT INTO FARE VALUES ('AJ-0', 'P-00000021', '65.50', 'Ekonomi');
INSERT INTO FARE VALUES ('AJ-0', 'P-00000022', '215.95', 'Business');
INSERT INTO FARE VALUES ('8Q-6', 'P-00000031' , '52.00', 'Ekonomi');
INSERT INTO FARE VALUES ('XQ-5', 'P-00000041', '92.25', 'Ekonomi');
INSERT INTO FARE VALUES ('XQ-5', 'P-00000042', '457.25', 'Business');
INSERT INTO FARE VALUES ('PC-7', 'P-00000051', '72.25', 'Ekonomi');
INSERT INTO FARE VALUES ('PC-7', 'P-00000052', '364.25', 'Business');
INSERT INTO FARE VALUES ('AJ-3', 'P-00000061', '69.50', 'Ekonomi');
INSERT INTO FARE VALUES ('AJ-3', 'P-00000062', '279.95', 'Business');

INSERT INTO FLIGHT_LEG VALUES ('PC-3', 'PC-30142', 'ADB', '13:00:00', 'SAW', '14:15:00', 420);
INSERT INTO FLIGHT_LEG VALUES ('PC-3', 'PC-30143', 'SAW', '15:30:00', 'ADB', '16:45:00', 420);
INSERT INTO FLIGHT_LEG VALUES ('PC-3', 'PC-30214', 'ADB', '21:00:00', 'ESB', '21:55:00', 590);
INSERT INTO FLIGHT_LEG VALUES ('PC-3', 'PC-30215', 'ESB', '15:40:00', 'ADB', '16:35:00', 590);
INSERT INTO FLIGHT_LEG VALUES ('TK-7', 'TK-74915', 'IST', '16:55:00', 'ESB', '18:00:00', 489);
INSERT INTO FLIGHT_LEG VALUES ('TK-7', 'TK-74916', 'ESB', '19:55:02', 'IST', '21:00:00', 489);
INSERT INTO FLIGHT_LEG VALUES ('TK-7', 'TK-74627', 'ESB', '09:55:00', 'DLM', '11:00:00', 656);
INSERT INTO FLIGHT_LEG VALUES ('TK-7', 'TK-74628', 'DLM', '05:55:00', 'ESB', '07:00:00', 656);
INSERT INTO FLIGHT_LEG VALUES ('AJ-0', 'AJ-07356', 'IST', '13:00:00', 'DLM', '14:10:00', 775);
INSERT INTO FLIGHT_LEG VALUES ('AJ-0', 'AJ-07357', 'DLM', '15:00:00', 'IST', '16:10:00', 775);
INSERT INTO FLIGHT_LEG VALUES ('AJ-0', 'AJ-04168', 'SAW', '19:00:00', 'ESB', '19:55:00', 460);
INSERT INTO FLIGHT_LEG VALUES ('AJ-0', 'AJ-04169', 'ESB', '17:00:00', 'SAW', '17:55:00', 460);
INSERT INTO FLIGHT_LEG VALUES ('8Q-6', '8Q-65410', 'DLM', '16:30:00', 'SAW', '17:40:00', 771);
INSERT INTO FLIGHT_LEG VALUES ('8Q-6', '8Q-65411', 'SAW', '18:30:00', 'DLM', '19:40:00', 771);
INSERT INTO FLIGHT_LEG VALUES ('8Q-6', '8Q-62014', 'IST', '15:30:00', 'SAW', '15:40:00', 30);
INSERT INTO FLIGHT_LEG VALUES ('8Q-6', '8Q-62015', 'SAW', '17:30:00', 'IST', '17:40:00', 30);
INSERT INTO FLIGHT_LEG VALUES ('XQ-5', 'XQ-53114', 'ADB', '14:00:00', 'IST', '15:05:00', 429);
INSERT INTO FLIGHT_LEG VALUES ('XQ-5', 'XQ-53115', 'IST', '16:00:00', 'ADB', '17:05:00', 429);
INSERT INTO FLIGHT_LEG VALUES ('XQ-5', 'XQ-56942', 'ESB', '19:00:00', 'IST', '19:55:00', 489);
INSERT INTO FLIGHT_LEG VALUES ('XQ-5', 'XQ-56943', 'IST', '22:00:00', 'ESB', '22:55:00', 489);
INSERT INTO FLIGHT_LEG VALUES ('PC-7', 'PC-79841', 'DLM', '18:45:00', 'ADB', '19:00:00', 310);
INSERT INTO FLIGHT_LEG VALUES ('PC-7', 'PC-79842', 'ADB', '21:45:00', 'SAW', '22:00:00', 310);
INSERT INTO FLIGHT_LEG VALUES ('PC-7', 'PC-77614', 'ESB', '11:45:00', 'SAW', '12:35:00', 460);
INSERT INTO FLIGHT_LEG VALUES ('PC-7', 'PC-77615', 'ESB', '15:15:00', 'SAW', '16:05:00', 460);
INSERT INTO FLIGHT_LEG VALUES ('AJ-3', 'AJ-30015', 'SAW', '15:00:00', 'ESB', '15:55:00', 460);
INSERT INTO FLIGHT_LEG VALUES ('AJ-3', 'AJ-30016', 'ESB', '17:00:00', 'SAW', '17:55:00', 460);
INSERT INTO FLIGHT_LEG VALUES ('AJ-3', 'AJ-37514', 'ESB', '06:00:00', 'IST', '06:55:00', 489);
INSERT INTO FLIGHT_LEG VALUES ('AJ-3', 'AJ-37515', 'IST', '09:00:00', 'ESB', '09:55:00', 489);

INSERT INTO CUSTOMER VALUES (23545123523, 'Ali Velioğlugil', 09098715676, 'Türkiye', 'ali95@email.com', 'Salihli/Manisa', 0);
INSERT INTO CUSTOMER VALUES (89123578043, 'Mehmet Çakırcı', 09086476953, 'Rusya', 'mehmet5@email.com', 'Bornova/İzmir', 0);
INSERT INTO CUSTOMER VALUES (23545101298, 'Selim Adıgüzel', 09086476953, 'Türkiye', 'selim7@email.com', 'Beypazarı/Ankara', 0);
INSERT INTO CUSTOMER VALUES (20235523523, 'Ayşe Yanmaz', 09086406953, 'Türkiye', 'Ayşe354@email.com', 'Alanya/Antalya', 0);
INSERT INTO CUSTOMER VALUES (23547689223, 'Özge Çalışkan', 09086476453, 'Rusya', 'ozge6@email.com', 'Sarıyer/İstanbul', 0);
INSERT INTO CUSTOMER VALUES (13545123523, 'Mert Çoşkulu', 09096476000, 'Türkiye', 'mert93@email.com', 'Konak/İzmir', 0);
INSERT INTO CUSTOMER VALUES (92545128973, 'Selim Kekili', 09056477953, 'Rusya', 'selim87@email.com', 'Aksaray/İstanbul', 0);
INSERT INTO CUSTOMER VALUES (25789023523, 'Sena Başaran', 09026476053, 'Türkiye', 'Sena45@email.com', 'Cihangir/İstanbul', 0);

INSERT INTO AIRPLANE VALUES('00000001', 'Boeing', 95, 'B-7301');
INSERT INTO AIRPLANE VALUES('00000002', 'Boeing', 93, 'B-7301');
INSERT INTO AIRPLANE VALUES('00000003', 'Boeing', 83, 'B-4801');
INSERT INTO AIRPLANE VALUES('00000004', 'Antonov', 95, 'ANT-35');
INSERT INTO AIRPLANE VALUES('00000005', 'Antonov', 93, 'ANT-35');
INSERT INTO AIRPLANE VALUES('00000006', 'TUSAŞ', 141, 'DGK-0');
INSERT INTO AIRPLANE VALUES('00000007', 'TUSAŞ', 139, 'DGK-0');
INSERT INTO AIRPLANE VALUES('00000008', 'TUSAŞ', 71, 'DGK-1');
INSERT INTO AIRPLANE VALUES('00000009', 'Airbus', 84, 'Air-007');
INSERT INTO AIRPLANE VALUES('00000010', 'Airbus', 82, 'Air-007');
INSERT INTO AIRPLANE VALUES('00000011', 'General Dynamics', 54, 'GD-01');
INSERT INTO AIRPLANE VALUES('00000012', 'Praga', 70, 'Praga 26');
INSERT INTO AIRPLANE VALUES('00000013', 'Praga', 68, 'Praga 26');

INSERT INTO LEG_INSTANCE VALUES ('PC-3', 'PC-30142', '2001-01-01', 95, '00000001', 'ADB', 'SAW', '13:00:00', '14:15:00');
INSERT INTO LEG_INSTANCE VALUES ('PC-3', 'PC-30143', '2001-01-01', 95, '00000001', 'SAW', 'ADB', '15:30:00', '16:45:00');
INSERT INTO LEG_INSTANCE VALUES ('PC-3', 'PC-30214', '2001-08-21', 95, '00000001', 'ESB', 'ADB', '21:00:00', '21:55:00');
INSERT INTO LEG_INSTANCE VALUES ('PC-3', 'PC-30215', '2001-08-21', 95, '00000001', 'ADB', 'ESB', '15:40:00', '16:35:00');
INSERT INTO LEG_INSTANCE VALUES ('TK-7', 'TK-74915', '2001-09-30', 93, '00000002', 'IST', 'ESB', '16:55:00', '18:00:00');
INSERT INTO LEG_INSTANCE VALUES ('TK-7', 'TK-74916', '2001-09-30', 93, '00000002', 'ESB', 'IST', '19:55:00', '21:00:00');
INSERT INTO LEG_INSTANCE VALUES ('TK-7', 'TK-74627', '2001-10-11', 83, '00000003', 'ESB', 'DLM', '09:55:00', '11:00:00');
INSERT INTO LEG_INSTANCE VALUES ('TK-7', 'TK-74628', '2001-10-11', 83, '00000003', 'DLM', 'ESB', '05:55:00', '07:00:00');
INSERT INTO LEG_INSTANCE VALUES ('AJ-0', 'AJ-07356', '2001-01-27', 95, '00000004', 'IST', 'DLM', '13:00:00', '14:10:00');
INSERT INTO LEG_INSTANCE VALUES ('AJ-0', 'AJ-07357', '2001-01-27', 95, '00000004', 'DLM', 'IST', '15:00:00', '16:10:00');
INSERT INTO LEG_INSTANCE VALUES ('AJ-0', 'AJ-04168', '2001-11-07', 93, '00000005', 'SAW', 'ESB', '19:00:00', '19:55:00');
INSERT INTO LEG_INSTANCE VALUES ('AJ-0', 'AJ-04169', '2001-11-07', 93, '00000005', 'ESB', 'SAW', '17:00:00', '17:55:00');
INSERT INTO LEG_INSTANCE VALUES ('8Q-6', '8Q-65410', '2001-03-02', 141, '00000006', 'DLM', 'SAW', '16:30:00', '17:40:00');
INSERT INTO LEG_INSTANCE VALUES ('8Q-6', '8Q-65411', '2001-03-02', 141, '00000006', 'SAW', 'DLM', '18:30:00', '19:40:00');
INSERT INTO LEG_INSTANCE VALUES ('8Q-6', '8Q-62014', '2001-04-30', 139, '00000007', 'IST', 'SAW', '15:30:00', '15:40:00');
INSERT INTO LEG_INSTANCE VALUES ('8Q-6', '8Q-62015', '2001-04-30', 139, '00000007', 'SAW', 'IST', '17:30:00', '17:40:00');
INSERT INTO LEG_INSTANCE VALUES ('XQ-5', 'XQ-53114', '2001-05-01', 71, '00000008', 'ADB', 'IST', '14:00:00', '15:05:00');
INSERT INTO LEG_INSTANCE VALUES ('XQ-5', 'XQ-53115', '2001-05-01', 71, '00000008', 'IST', 'ADB', '16:00:00', '17:05:00');
INSERT INTO LEG_INSTANCE VALUES ('XQ-5', 'XQ-56942', '2001-02-11', 84, '00000009', 'ESB', 'IST', '19:00:00', '19:55:00');
INSERT INTO LEG_INSTANCE VALUES ('XQ-5', 'XQ-56943', '2001-02-11', 84, '00000009', 'IST', 'ESB', '22:00:00', '22:55:00');
INSERT INTO LEG_INSTANCE VALUES ('PC-7', 'PC-79841', '2001-03-12', 82, '00000010', 'DLM', 'ADB', '18:45:00', '19:00:00');
INSERT INTO LEG_INSTANCE VALUES ('PC-7', 'PC-79842', '2001-03-12', 82, '00000010', 'ADB', 'DLM', '21:45:00', '22:00:00');
INSERT INTO LEG_INSTANCE VALUES ('PC-7', 'PC-77614', '2001-03-22', 54, '00000011', 'ESB', 'SAW', '11:45:00', '12:35:00');
INSERT INTO LEG_INSTANCE VALUES ('PC-7', 'PC-77615', '2001-03-22', 54, '00000011', 'SAW', 'ESB', '15:15:00', '16:05:00');
INSERT INTO LEG_INSTANCE VALUES ('AJ-3', 'AJ-30015', '2001-08-25', 70, '00000012', 'SAW', 'ESB', '15:00:00', '15:55:00');
INSERT INTO LEG_INSTANCE VALUES ('AJ-3', 'AJ-30016', '2001-08-25', 70, '00000012', 'ESB', 'SAW', '17:00:00', '17:55:00');
INSERT INTO LEG_INSTANCE VALUES ('8Q-6', '8Q-62014', '2001-05-07', 139, '00000007', 'IST', 'SAW', '15:30:00', '15:40:00');
INSERT INTO LEG_INSTANCE VALUES ('8Q-6', '8Q-62015', '2001-05-07', 139, '00000007', 'SAW', 'IST', '17:30:00', '17:40:00');
INSERT INTO LEG_INSTANCE VALUES ('XQ-5', 'XQ-53114', '2001-05-08', 71, '00000008', 'ADB', 'IST', '14:00:00', '15:05:00');
INSERT INTO LEG_INSTANCE VALUES ('XQ-5', 'XQ-53115', '2001-05-08', 71, '00000008', 'IST', 'ADB', '16:00:00', '17:05:00');

INSERT INTO SEAT_RESERVATION VALUES ('PC-3', 'PC-30142', '2001-01-01', 35, 23545123523, 'P-00000001');
INSERT INTO SEAT_RESERVATION VALUES ('8Q-6', '8Q-65410', '2001-03-02', 81, 23545123523, 'P-00000031');
INSERT INTO SEAT_RESERVATION VALUES ('AJ-3', 'AJ-30015', '2001-08-25', 12, 23545123523, 'P-00000061');
INSERT INTO SEAT_RESERVATION VALUES ('PC-3', 'PC-30214', '2001-08-21', 22, 89123578043, 'P-00000001');
INSERT INTO SEAT_RESERVATION VALUES ('XQ-5', 'XQ-53114', '2001-05-08', 5, 89123578043, 'P-00000041');
INSERT INTO SEAT_RESERVATION VALUES ('PC-7', 'PC-77614', '2001-03-22', 20, 23545101298, 'P-00000051');
INSERT INTO SEAT_RESERVATION VALUES ('TK-7', 'TK-74915', '2001-09-30', 67, 20235523523, 'P-00000011');
INSERT INTO SEAT_RESERVATION VALUES ('XQ-5', 'XQ-53114', '2001-05-01', 65, 20235523523, 'P-00000041');
INSERT INTO SEAT_RESERVATION VALUES ('AJ-0', 'AJ-07356', '2001-01-27', 72, 20235523523, 'P-00000021');
INSERT INTO SEAT_RESERVATION VALUES ('8Q-6', '8Q-65410', '2001-03-02', 123, 20235523523, 'P-00000031');
INSERT INTO SEAT_RESERVATION VALUES ('XQ-5', 'XQ-53114', '2001-05-08', 58, 20235523523, 'P-00000042');
INSERT INTO SEAT_RESERVATION VALUES ('XQ-5', 'XQ-53114', '2001-05-01', 32, 23547689223, 'P-00000041');
INSERT INTO SEAT_RESERVATION VALUES ('AJ-3', 'AJ-30016', '2001-08-25', 49, 23547689223, 'P-00000062');
INSERT INTO SEAT_RESERVATION VALUES ('AJ-0', 'AJ-04168', '2001-11-07', 73, 23547689223, 'P-00000021');
INSERT INTO SEAT_RESERVATION VALUES ('PC-3', 'PC-30214', '2001-08-21', 90, 23547689223, 'P-00000001');
INSERT INTO SEAT_RESERVATION VALUES ('TK-7', 'TK-74915', '2001-09-30', 27, 23547689223, 'P-00000011');
INSERT INTO SEAT_RESERVATION VALUES ('8Q-6', '8Q-62014', '2001-05-07', 101, 23547689223, 'P-00000031');
INSERT INTO SEAT_RESERVATION VALUES ('XQ-5', 'XQ-53114', '2001-05-08', 49, 23547689223, 'P-00000041');
INSERT INTO SEAT_RESERVATION VALUES ('XQ-5', 'XQ-53115', '2001-05-08', 51, 23547689223, 'P-00000042');
INSERT INTO SEAT_RESERVATION VALUES ('TK-7', 'TK-74628', '2001-10-11', 9, 23547689223, 'P-00000011');
INSERT INTO SEAT_RESERVATION VALUES ('PC-3', 'PC-30214', '2001-08-21', 82, 13545123523, 'P-00000002');
INSERT INTO SEAT_RESERVATION VALUES ('TK-7', 'TK-74915', '2001-09-30', 13, 13545123523, 'P-00000012');
INSERT INTO SEAT_RESERVATION VALUES ('8Q-6', '8Q-62014', '2001-05-07', 112, 13545123523, 'P-00000031');
INSERT INTO SEAT_RESERVATION VALUES ('XQ-5', 'XQ-53114', '2001-05-08', 12, 13545123523, 'P-00000041');
INSERT INTO SEAT_RESERVATION VALUES ('XQ-5', 'XQ-53115', '2001-05-08', 16, 13545123523, 'P-00000041');
INSERT INTO SEAT_RESERVATION VALUES ('TK-7', 'TK-74628', '2001-10-11', 81, 13545123523, 'P-00000011');
INSERT INTO SEAT_RESERVATION VALUES ('PC-7', 'PC-77614', '2001-03-22', 10, 13545123523, 'P-00000051');
INSERT INTO SEAT_RESERVATION VALUES ('PC-3', 'PC-30142', '2001-01-01', 85, 13545123523, 'P-00000001');
INSERT INTO SEAT_RESERVATION VALUES ('PC-3', 'PC-30214', '2001-08-21', 43, 92545128973, 'P-00000002');
INSERT INTO SEAT_RESERVATION VALUES ('PC-7', 'PC-77614', '2001-03-22', 20, 25789023523, 'P-00000052');
INSERT INTO SEAT_RESERVATION VALUES ('TK-7', 'TK-74628', '2001-10-11', 9, 25789023523, 'P-00000012');
INSERT INTO SEAT_RESERVATION VALUES ('8Q-6', '8Q-62014', '2001-05-07', 110, 25789023523, 'P-00000031');
INSERT INTO SEAT_RESERVATION VALUES ('AJ-0', 'AJ-04168', '2001-11-07', 73, 25789023523, 'P-00000022');
INSERT INTO SEAT_RESERVATION VALUES ('PC-3', 'PC-30215', '2001-08-21', 63, 25789023523, 'P-00000001');
INSERT INTO SEAT_RESERVATION VALUES ('PC-7', 'PC-77615', '2001-03-22', 42, 25789023523, 'P-00000051');

INSERT INTO CHECK_IN VALUES (23545123523, 'PC-3', 'PC-30142', '2001-01-01', 1);
INSERT INTO CHECK_IN VALUES (23545123523, '8Q-6', '8Q-65410', '2001-03-02', 1);
INSERT INTO CHECK_IN VALUES (23545123523, 'AJ-3', 'AJ-30015', '2001-08-25', 1);
INSERT INTO CHECK_IN VALUES (89123578043, 'PC-3', 'PC-30214', '2001-08-21', 1);
INSERT INTO CHECK_IN VALUES (89123578043, 'XQ-5', 'XQ-53114', '2001-05-08', 0);
INSERT INTO CHECK_IN VALUES (23545101298, 'PC-7', 'PC-77614', '2001-03-22', 1);
INSERT INTO CHECK_IN VALUES (20235523523, 'TK-7', 'TK-74915', '2001-09-30', 1);
INSERT INTO CHECK_IN VALUES (20235523523, 'XQ-5', 'XQ-53114', '2001-05-01', 1);
INSERT INTO CHECK_IN VALUES (20235523523, 'AJ-0', 'AJ-07356', '2001-01-27', 1);
INSERT INTO CHECK_IN VALUES (20235523523, '8Q-6', '8Q-65410', '2001-03-02', 1);
INSERT INTO CHECK_IN VALUES (20235523523, 'XQ-5', 'XQ-53114', '2001-05-08', 1);
INSERT INTO CHECK_IN VALUES (23547689223, 'XQ-5', 'XQ-53114', '2001-05-01', 1);
INSERT INTO CHECK_IN VALUES (23547689223, 'AJ-3', 'AJ-30016', '2001-08-25', 1);
INSERT INTO CHECK_IN VALUES (23547689223, 'AJ-0', 'AJ-04168', '2001-11-07', 1);
INSERT INTO CHECK_IN VALUES (23547689223, 'PC-3', 'PC-30214', '2001-08-21', 1);
INSERT INTO CHECK_IN VALUES (23547689223, 'TK-7', 'TK-74915', '2001-09-30', 1);
INSERT INTO CHECK_IN VALUES (23547689223, '8Q-6', '8Q-62014', '2001-05-07', 1);
INSERT INTO CHECK_IN VALUES (23547689223, 'XQ-5', 'XQ-53114', '2001-05-08', 1);
INSERT INTO CHECK_IN VALUES (23547689223, 'XQ-5', 'XQ-53115', '2001-05-08', 1);
INSERT INTO CHECK_IN VALUES (23547689223, 'TK-7', 'TK-74628', '2001-10-11', 1);
INSERT INTO CHECK_IN VALUES (13545123523, 'PC-3', 'PC-30214', '2001-08-21', 1);
INSERT INTO CHECK_IN VALUES (13545123523, 'TK-7', 'TK-74915', '2001-09-30', 1);
INSERT INTO CHECK_IN VALUES (13545123523, '8Q-6', '8Q-62014', '2001-05-07', 1);
INSERT INTO CHECK_IN VALUES (25789023523, 'PC-7', 'PC-77614', '2001-03-22', 1);
INSERT INTO CHECK_IN VALUES (25789023523, 'TK-7', 'TK-74628', '2001-10-11', 1);
INSERT INTO CHECK_IN VALUES (25789023523, 'AJ-0', 'AJ-04168', '2001-11-07', 1);
INSERT INTO CHECK_IN VALUES (25789023523, 'PC-3', 'PC-30215', '2001-08-21', 1);
INSERT INTO CHECK_IN VALUES (25789023523, 'PC-7', 'PC-77615', '2001-03-22', 1);

